{"cameraMode":{"drawMode":0,"name":"Shaded","section":"Shading Mode"},"sceneLighting":true,"audioPlay":false,"sceneViewState":{"showFog":true,"showMaterialUpdate":false,"showSkybox":true,"showFlares":true,"showImageEffects":true,"showParticleSystems":true},"in2DMode":false,"pivot":{"x":1.2009875774383546,"y":6.384140968322754,"z":1.7445049285888672},"rotation":{"x":-0.014689825475215912,"y":0.013492976315319538,"z":0.00019723406876437366,"w":0.9998114109039307},"size":24.698732376098634,"orthographic":false}